[{"id":"user-image-zerto.png","publicUrl":"np://user.desktop.nicepage.com/Site_1148903337/images/zerto.png","size":15686,"hash":"5rdQX/ZzLwZ3COxRo21wi91praQ=","fileName":"zerto.png","name":"zerto","width":188,"height":188,"thumbnail":{"url":"np://user.desktop.nicepage.com/Site_1148903337/images/thumbnails/zerto.png","width":188,"height":188,"length":15686,"type":"png"},"folderId":null,"usages":["309024884"]},{"id":"user-image-microsoft-certified-azure-fundamentals.png","publicUrl":"np://user.desktop.nicepage.com/Site_1148903337/images/microsoft-certified-azure-fundamentals.png","size":31766,"hash":"Z8Fn0EjCpIhtH4BOEVT7uL3qUXQ=","fileName":"microsoft-certified-azure-fundamentals.png","name":"microsoft-certified-azure-fundamentals","width":228,"height":228,"thumbnail":{"url":"np://user.desktop.nicepage.com/Site_1148903337/images/thumbnails/microsoft-certified-azure-fundamentals.png","width":228,"height":228,"length":31766,"type":"png"},"folderId":null,"usages":["309024884"]},{"id":"user-image-aws-certified-cloud-practitioner.png","publicUrl":"np://user.desktop.nicepage.com/Site_1148903337/images/aws-certified-cloud-practitioner.png","size":35714,"hash":"lecD+jO6wiDjoW6tbsZu42AO220=","fileName":"aws-certified-cloud-practitioner.png","name":"aws-certified-cloud-practitioner","width":228,"height":228,"thumbnail":{"url":"np://user.desktop.nicepage.com/Site_1148903337/images/thumbnails/aws-certified-cloud-practitioner.png","width":228,"height":228,"length":35714,"type":"png"},"folderId":null,"usages":["309024884"]},{"id":"user-image-microsoft-certified-azure-administrator-associate.2.png","publicUrl":"np://user.desktop.nicepage.com/Site_1148903337/images/microsoft-certified-azure-administrator-associate.2.png","size":36202,"hash":"UtcvAUUCUOE/dUSFLy2KZnccuD4=","fileName":"microsoft-certified-azure-administrator-associate.2.png","name":"microsoft-certified-azure-administrator-associate.2","width":228,"height":228,"thumbnail":{"url":"np://user.desktop.nicepage.com/Site_1148903337/images/thumbnails/microsoft-certified-azure-administrator-associate.2.png","width":228,"height":228,"length":36202,"type":"png"},"folderId":null,"usages":["309024884"]},{"id":"user-image-coding.jpg","publicUrl":"np://user.desktop.nicepage.com/Site_1148903337/images/coding.jpg","size":232619,"hash":"CzU8JcmNyJVU1Qn1u/OZKxfq3DU=","fileName":"coding.jpg","name":"coding","width":1440,"height":1800,"thumbnail":{"url":"np://user.desktop.nicepage.com/Site_1148903337/images/thumbnails/coding.jpg","width":200,"height":250},"folderId":null,"usages":["309024884"]},{"id":"user-image-ProfessionalPhoto.png","publicUrl":"np://user.desktop.nicepage.com/Site_1148903337/images/ProfessionalPhoto.png","size":510197,"hash":"6aBa/XbDxQceBRE79TTPTxOqpVI=","fileName":"ProfessionalPhoto.png","name":"ProfessionalPhoto","width":800,"height":800,"thumbnail":{"url":"np://user.desktop.nicepage.com/Site_1148903337/images/thumbnails/ProfessionalPhoto.png","width":250,"height":250},"folderId":null,"usages":["309024884"]},{"id":"user-image-gg-min.jpg","publicUrl":"np://user.desktop.nicepage.com/Site_1148903337/images/gg-min.jpg","size":170757,"hash":"GcY5FrkX2u8g0PbBDL4Je8rwve8=","fileName":"gg-min.jpg","name":"gg-min","width":1980,"height":1320,"thumbnail":{"url":"np://user.desktop.nicepage.com/Site_1148903337/images/thumbnails/gg-min.jpg","width":250,"height":167},"folderId":null,"originalUrl":"//images03.nicepage.com/c461c07a441a5d220e8feb1a/079b0b8a85c15251952e38c2/gg-min.jpg","usages":["309024884"]}]